affirmation,theme
"I honor myself as a sacred and valuable being.","Self-Love & Self-Worth"
"I am whole, radiant, and enough just as I am.","Self-Love & Self-Worth"
"My spirit is worthy of love, care, and deep respect.","Self-Love & Self-Worth"
"I embrace myself with compassion and gentle understanding.","Self-Love & Self-Worth"
"I am rooted in self-love and growing stronger every day.","Self-Love & Self-Worth"
"My value is inherent and cannot be diminished by anything.","Self-Love & Self-Worth"
"I deserve the same love I freely give to others.","Self-Love & Self-Worth"
"I trust in my inner light to guide and uplift me.","Self-Love & Self-Worth"
"I release self-doubt and return to my true, worthy nature.","Self-Love & Self-Worth"
"I am aligned with the quiet power of my authentic self.","Self-Love & Self-Worth"
"My heart is open to loving and accepting myself fully.","Self-Love & Self-Worth"
"I stand in my worth like a mountain, steady and unshaken.","Self-Love & Self-Worth"
"I am deserving of peace, joy, and all good things.","Self-Love & Self-Worth"
"I celebrate who I am becoming with patience and love.","Self-Love & Self-Worth"
"My energy is valuable and I honor it with care.","Self-Love & Self-Worth"
"I am deeply connected to my own inner wisdom and worth.","Self-Love & Self-Worth"
"I treat myself with the same kindness I offer the world.","Self-Love & Self-Worth"
"I bloom in my own time, and that is enough.","Self-Love & Self-Worth"
"I am grounded, worthy, and at home within myself.","Self-Love & Self-Worth"
"My presence is meaningful, and my existence has value.","Self-Love & Self-Worth"
"I stand tall in my power and trust my inner strength.","Confidence & Personal Power"
"I am confident in my abilities and grounded in my truth.","Confidence & Personal Power"
"My voice matters, and I express it with clarity and courage.","Confidence & Personal Power"
"I trust myself to navigate life with wisdom and strength.","Confidence & Personal Power"
"I radiate confidence and attract respect naturally.","Confidence & Personal Power"
"I am capable, resilient, and strong in all that I do.","Confidence & Personal Power"
"My presence is powerful and my energy is steady.","Confidence & Personal Power"
"I release fear and step fully into my personal power.","Confidence & Personal Power"
"I believe in myself and my unique path.","Confidence & Personal Power"
"I move through life with boldness and self-trust.","Confidence & Personal Power"
"I am grounded like the earth and strong like the wind.","Confidence & Personal Power"
"My confidence grows with every step I take.","Confidence & Personal Power"
"I trust my decisions and honor my instincts.","Confidence & Personal Power"
"I am worthy of taking up space and being seen.","Confidence & Personal Power"
"I carry myself with strength, grace, and certainty.","Confidence & Personal Power"
"I am empowered to create the life I desire.","Confidence & Personal Power"
"I trust the strength within me to overcome challenges.","Confidence & Personal Power"
"I stand rooted in confidence and self-belief.","Confidence & Personal Power"
"My inner power is limitless and always available to me.","Confidence & Personal Power"
"I embrace my power and shine without hesitation.","Confidence & Personal Power"
"My mind is clear, focused, and aligned with my intentions.","Mental Clarity & Focus"
"I release distractions and center my thoughts with ease.","Mental Clarity & Focus"
"My thoughts flow calmly and with purpose.","Mental Clarity & Focus"
"I am present, focused, and fully engaged in this moment.","Mental Clarity & Focus"
"My mind is like still water: clear and reflective.","Mental Clarity & Focus"
"I direct my attention to what truly matters.","Mental Clarity & Focus"
"I think with clarity and act with intention.","Mental Clarity & Focus"
"I release mental clutter and welcome calm focus.","Mental Clarity & Focus"
"My awareness is sharp and my thoughts are organized.","Mental Clarity & Focus"
"I trust my mind to guide me wisely.","Mental Clarity & Focus"
"I am centered, focused, and mentally strong.","Mental Clarity & Focus"
"I create space for clarity and insight within my mind.","Mental Clarity & Focus"
"My focus is steady and unwavering.","Mental Clarity & Focus"
"I am grounded and clear in my thinking.","Mental Clarity & Focus"
"I approach each task with calm concentration.","Mental Clarity & Focus"
"My mind is aligned with clarity and purpose.","Mental Clarity & Focus"
"I easily focus on what needs my attention.","Mental Clarity & Focus"
"I release overwhelm and embrace mental peace.","Mental Clarity & Focus"
"I am in control of my thoughts and focus.","Mental Clarity & Focus"
"My clarity brings me confidence and direction.","Mental Clarity & Focus"
"I allow myself to heal at my own pace.","Emotional Healing"
"My heart is safe to open, feel, and restore.","Emotional Healing"
"I release past pain and welcome gentle healing.","Emotional Healing"
"I honor my emotions without judgment.","Emotional Healing"
"Healing flows through me like a calm river.","Emotional Healing"
"I give myself permission to feel and to heal.","Emotional Healing"
"My heart grows stronger with every moment of care.","Emotional Healing"
"I am supported in my healing journey.","Emotional Healing"
"I release what no longer serves my emotional well-being.","Emotional Healing"
"I hold space for my own healing and growth.","Emotional Healing"
"My emotions are valid and worthy of compassion.","Emotional Healing"
"I am healing, growing, and becoming whole.","Emotional Healing"
"I treat my heart with kindness and patience.","Emotional Healing"
"I release emotional burdens and invite peace.","Emotional Healing"
"I am gentle with myself as I heal.","Emotional Healing"
"My past does not define my present.","Emotional Healing"
"I allow light and love to restore my spirit.","Emotional Healing"
"It is safe to process and release my emotions.","Emotional Healing"
"Healing energy flows through every part of me.","Emotional Healing"
"I trust the natural rhythm of my healing.","Emotional Healing"
"I am calm, centered, and at peace within myself.","Inner Peace & Calm"
"I release tension and return to a state of stillness.","Inner Peace & Calm"
"My breath anchors me in calm and balance.","Inner Peace & Calm"
"I create space for peace in my mind and body.","Inner Peace & Calm"
"I am grounded like the earth and calm like a quiet forest.","Inner Peace & Calm"
"I let go of what I cannot control and embrace peace.","Inner Peace & Calm"
"My inner world is calm, steady, and harmonious.","Inner Peace & Calm"
"I can choose peace in every moment.","Inner Peace & Calm"
"I am surrounded by calm and protected by stillness.","Inner Peace & Calm"
"I return to my center with ease.","Inner Peace & Calm"
"My mind is quiet, and my heart is at rest.","Inner Peace & Calm"
"I release stress and welcome tranquility.","Inner Peace & Calm"
"I am safe in the stillness of this moment.","Inner Peace & Calm"
"I flow with life in a calm and peaceful way.","Inner Peace & Calm"
"My energy is soft, steady, and at ease.","Inner Peace & Calm"
"I cultivate peace within and around me.","Inner Peace & Calm"
"I am at peace with where I am right now.","Inner Peace & Calm"
"My spirit rests in calm awareness.","Inner Peace & Calm"
"I breathe in peace and exhale tension.","Inner Peace & Calm"
"I am aligned with the quiet rhythm of life.","Inner Peace & Calm"
"My body is strong, vibrant, and full of life.","Physical Health & Vitality"
"I nourish my body with care and intention.","Physical Health & Vitality"
"My energy flows freely and supports my well-being.","Physical Health & Vitality"
"I honor my body as a sacred and powerful vessel.","Physical Health & Vitality"
"I feel vitality in every cell of my being.","Physical Health & Vitality"
"My body heals and restores itself naturally.","Physical Health & Vitality"
"I am energized, balanced, and thriving.","Physical Health & Vitality"
"I treat my body with love and respect.","Physical Health & Vitality"
"I am connected to my body's wisdom.","Physical Health & Vitality"
"My health improves with every mindful choice I make.","Physical Health & Vitality"
"I feel alive, strong, and energized.","Physical Health & Vitality"
"My body supports me in everything I do.","Physical Health & Vitality"
"I listen to my body and honor its needs.","Physical Health & Vitality"
"I am grounded in strength and physical well-being.","Physical Health & Vitality"
"My body is resilient and capable.","Physical Health & Vitality"
"I move with ease, strength, and balance.","Physical Health & Vitality"
"I care for my body as an act of self-love.","Physical Health & Vitality"
"My vitality grows with every breath I take.","Physical Health & Vitality"
"I feel refreshed, renewed, and alive.","Physical Health & Vitality"
"I am in harmony with my body's natural rhythms.","Physical Health & Vitality"
"I am motivated, focused, and ready to take action.","Motivation & Productivity"
"I take consistent steps toward my goals.","Motivation & Productivity"
"My energy is aligned with purposeful action.","Motivation & Productivity"
"I am disciplined and committed to my growth.","Motivation & Productivity"
"I approach each task with clarity and determination.","Motivation & Productivity"
"I make progress with every small step.","Motivation & Productivity"
"I am inspired to take action today.","Motivation & Productivity"
"My efforts lead to meaningful results.","Motivation & Productivity"
"I stay focused and follow through on my plans.","Motivation & Productivity"
"I use my time wisely and intentionally.","Motivation & Productivity"
"I am productive, efficient, and capable.","Motivation & Productivity"
"I overcome procrastination with ease.","Motivation & Productivity"
"I am driven by purpose and passion.","Motivation & Productivity"
"I show up and give my best effort.","Motivation & Productivity"
"I turn ideas into action with confidence.","Motivation & Productivity"
"I stay committed to what truly matters.","Motivation & Productivity"
"My work flows with ease and focus.","Motivation & Productivity"
"I am energized to complete my tasks.","Motivation & Productivity"
"I create momentum through consistent action.","Motivation & Productivity"
"I am in control of my time and energy.","Motivation & Productivity"
"I achieve my goals with focus, confidence, and joy.","Success & Achievement"
"My efforts are guided and supported by the universe.","Success & Achievement"
"I celebrate each step forward as a victory.","Success & Achievement"
"My talents and dedication lead me to success.","Success & Achievement"
"I rise to challenges with grace and determination.","Success & Achievement"
"I am worthy of accomplishing my dreams.","Success & Achievement"
"My success grows naturally from my consistent efforts.","Success & Achievement"
"I attract opportunities that align with my goals.","Success & Achievement"
"I am empowered to create lasting achievements.","Success & Achievement"
"My actions bring me closer to my highest vision.","Success & Achievement"
"I am confident in my ability to succeed.","Success & Achievement"
"I embrace progress over perfection on my journey to success.","Success & Achievement"
"My accomplishments reflect my dedication and heart.","Success & Achievement"
"I step boldly toward my goals with clarity and purpose.","Success & Achievement"
"I celebrate my growth and successes, big and small.","Success & Achievement"
"I trust the process and welcome abundance in all forms.","Success & Achievement"
"My achievements inspire and uplift myself and others.","Success & Achievement"
"I am capable, persistent, and resilient in my pursuits.","Success & Achievement"
"I take inspired action to reach my highest potential.","Success & Achievement"
"I honor my journey and the success it brings.","Success & Achievement"
"I attract prosperity and abundance effortlessly.","Prosperity & Financial Abundance"
"My financial energy flows freely and supports the lifestyle I desire.","Prosperity & Financial Abundance"
"I am open to receiving wealth in all forms.","Prosperity & Financial Abundance"
"My resources grow as I align with my highest purpose.","Prosperity & Financial Abundance"
"I am worthy of financial freedom and abundance.","Prosperity & Financial Abundance"
"Abundance flows to me naturally and consistently.","Prosperity & Financial Abundance"
"I release scarcity and embrace the wealth of the universe.","Prosperity & Financial Abundance"
"My actions create opportunities for financial growth.","Prosperity & Financial Abundance"
"I am grateful for the prosperity in my life.","Prosperity & Financial Abundance"
"My wealth allows me to live fully and generously.","Prosperity & Financial Abundance"
"I attract money with ease and integrity.","Prosperity & Financial Abundance"
"My mindset is tuned to abundance and opportunity.","Prosperity & Financial Abundance"
"I welcome abundance, knowing I deserve it fully.","Prosperity & Financial Abundance"
"I am aligned with the universal flow of wealth and prosperity.","Prosperity & Financial Abundance"
"My financial confidence grows each day.","Prosperity & Financial Abundance"
"I create value and abundance in everything I do.","Prosperity & Financial Abundance"
"My prosperity contributes to the greater good.","Prosperity & Financial Abundance"
"I trust my intuition to guide financial decisions wisely.","Prosperity & Financial Abundance"
"I am abundant in opportunities, love, and resources.","Prosperity & Financial Abundance"
"My life is rich with prosperity, joy, and fulfillment.","Prosperity & Financial Abundance"
"I grow and thrive in my career with purpose and clarity.","Career & Professional Growth"
"My professional journey aligns with my passions and values.","Career & Professional Growth"
"I attract opportunities that expand my skills and influence.","Career & Professional Growth"
"I am confident in my abilities and contributions at work.","Career & Professional Growth"
"My work reflects my authentic self and highest potential.","Career & Professional Growth"
"I am open to learning and growth in every professional experience.","Career & Professional Growth"
"I rise to challenges with creativity and resilience.","Career & Professional Growth"
"My career path flows naturally and abundantly.","Career & Professional Growth"
"I am valued, respected, and recognized for my efforts.","Career & Professional Growth"
"I create meaningful impact through my work.","Career & Professional Growth"
"I am proactive, resourceful, and persistent in my career.","Career & Professional Growth"
"My professional growth aligns with my personal growth.","Career & Professional Growth"
"I embrace change and new opportunities with confidence.","Career & Professional Growth"
"My skills and talents open doors to new possibilities.","Career & Professional Growth"
"I am capable of achieving all my professional goals.","Career & Professional Growth"
"I work with focus, clarity, and inspired action.","Career & Professional Growth"
"My career is a reflection of my dedication and passion.","Career & Professional Growth"
"I attract mentors, collaborators, and opportunities that support me.","Career & Professional Growth"
"I balance ambition with gratitude and well-being.","Career & Professional Growth"
"I am empowered to shape my professional future positively.","Career & Professional Growth"



